ID,Codon_afectado,Tipo,Gen_ID,Efecto_Fenotipo
CD133198,CACAGAC^(184)GACgacAAGACCGACC,Deletion,167040,"Nephrotic syndrome"
CM053104,CAA-CGA,"Missense/nonsense	",300011,"Occipital horn syndrome"
CM090721,AAA-TAA,"Missense/nonsense	",300011,"Menkes syndrome"
CM101236,CGA-CAA,"Missense/nonsense	",137150,"GABA-transaminase deficiency"
CM110866,CAG-CCG,"Missense/nonsense	",300011,"Occipital horn syndrome"
CM112288,TTT-TCT,"Missense/nonsense	",601902,"Microcephalic primordial dwarfism"
CM112289,CGG-CAG,"Missense/nonsense	",601902,"Microcephalic primordial dwarfism"
CM112304,CGG-TGG,"Missense/nonsense	",601902,"Meier-Gorlin syndrome"
CM1211115,AGA-AGC,Missense/nonsense,102545,"Visceral myopathy"
CM137001,CGA-TGA,"Missense/nonsense	",167040,"Nephrotic syndrome"
CM143759,CGC-CAC,"Missense/nonsense	",102545,"Megacystis-microcolon-intestinal hypoperistalsis syndrome"
CM143762,CGC-TGC,"Missense/nonsense	",102545,"Megacystis-microcolon-intestinal hypoperistalsis syndrome"
CM1613414,ACA-ATA,"Missense/nonsense	",102545,"Chronic intestinal pseudo-obstruction"
CM1615168,CCCTCC,"Missense/nonsense	",137150,"GABA-transaminase deficiency"
CM1618630,GAC-ACC,"Missense/nonsense	",137150,Neurodegeneration
CM168356,CGC-CAC,"Missense/nonsense	",102545,"Chronic intestinal pseudo-obstruction"
CM1714562,TAC-CAC,Missense/nonsense,601925,"Rett-like syndrome"
CM1714685,CGA-TGA,Missense/nonsense,102545,"Severe intestinal pseudo-obstruction"
CM172480,TAC-TGC,Missense/nonsense,300011,"Motor neuropathy, distal"
CM942029,CAA-TAA,"Missense/nonsense	",300011,"Menkes syndrome"
CS000847,"IVS6 ds +1 G-A",Splicing,300011,"Menkes syndrome"
CS1515061,"IVS5 ds +1 G-C",Splicing,601902,"Meier-Gorlin syndrome"
